marker,A0001,A0017,A0033,A0049,A0065,A0081,A0097,A0113,A0129,A0145,A0161,A0177,A0193,A0209,A0225,A0241,A0257,A0273,A0289,A0305,A0321,A0337,A0353,A0369,A0385,A0401,A0417,A0433,A0449,A0465,A0481,A0497,A0513,A0529,A0545,A0561,A0577,A0593,A0609,A0625,A0641,A0657,A0673,A0689,A0705,A0721,A0737,A0753,A0769,A0785,A0801,A0817,A0833,A0849,A0865,A0881,A0897,A0913,A0929,A0945,A0961,A0977,A0993,A1009,A1025,A1041,A1057,A1073,A1089,A1105,A1121,A1137,A1153,A1169,A1185
chromosome,A,A,A,A,A,A,A,A,A,A,A,A,A,A,A,A,A,A,A,A,A,A,A,A,A,A,A,A,A,A,A,A,A,A,A,A,A,A,A,A,A,A,A,A,A,A,A,A,A,A,A,A,A,A,A,A,A,A,A,A,A,A,A,A,A,A,A,A,A,A,A,A,A,A,A
position,0.1578,1.6068,3.8056,5.1862,6.9518,7.9891,9.5328,11.9003,13.5111,15.0666,16.1416,17.7854,19.4531,20.616,21.7478,23.5561,25.5174,27.1657,29.0245,31.0323,32.2741,33.4128,35.5782,37.4988,39.4492,40.4254,41.6677,42.8337,44.506,45.8866,46.7987,48.2708,49.8057,51.4016,52.4317,53.8113,55.3862,57.0478,58.1988,59.6022,60.8443,62.2291,63.6989,66.1517,67.9899,70.6103,72.592,74.8123,76.8142,78.1045,79.5613,81.7731,83.1278,85.0488,86.1077,87.332,88.9294,90.8285,92.427,93.8619,95.6203,97.6567,99.3261,100.7328,102.7358,104.3629,105.9596,108.2576,110.0231,111.4533,112.6964,113.6181,114.87,116.5058,118.74
P1,1,2,2,0,2,1,3,3,3,1,3,3,0,2,3,0,1,3,3,0,2,3,2,1,3,2,2,3,2,2,0,0,2,3,2,1,2,2,2,2,2,2,2,2,2,2,1,2,1,2,1,2,2,1,0,2,1,2,3,2,1,3,3,3,1,1,0,3,0,2,2,2,3,3,1
P2,3,1,2,2,2,2,3,1,2,3,3,1,1,2,2,1,1,1,0,2,1,1,3,1,3,0,3,2,3,1,2,2,0,2,2,1,2,0,3,0,0,2,0,3,2,2,3,2,2,1,2,1,1,2,2,3,3,3,2,1,3,0,2,1,3,3,2,3,1,2,0,4,2,4,3
F1_001,2,1,1,2,1,2,4,2,3,2,3,1,0,3,4,0,1,2,1,1,2,2,3,1,4,1,2,3,4,3,1,1,0,3,1,0,3,0,3,0,2,3,2,1,0,4,1,1,1,2,1,2,2,1,1,3,4,1,3,3,3,2,3,2,2,2,1,4,1,3,1,3,3,4,2
F1_009,2,2,1,1,3,1,3,2,3,3,3,1,1,3,3,1,1,2,1,0,1,1,2,0,4,1,3,2,3,2,1,1,1,2,2,1,2,1,2,0,2,2,2,2,1,3,1,2,1,2,1,1,2,1,1,2,3,2,3,2,2,2,2,1,3,2,1,3,1,3,0,3,4,3,2
F1_017,2,2,0,1,2,2,3,3,2,3,2,1,0,4,4,1,1,2,1,1,1,2,2,1,4,1,3,3,3,2,1,1,1,1,1,1,3,1,2,0,2,1,2,2,2,2,1,3,3,1,2,1,1,3,0,2,2,4,0,0,1,2,4,2,2,2,1,3,1,2,2,4,2,4,2
F1_025,3,2,1,1,2,3,3,3,2,2,2,1,0,3,4,1,0,2,1,1,2,2,3,1,4,1,2,3,4,3,1,1,1,2,0,0,4,1,3,1,1,2,1,2,2,3,2,1,1,1,1,2,1,2,1,4,2,2,3,2,1,0,4,2,2,4,1,3,0,1,2,2,3,4,1
F1_033,3,1,2,1,2,2,4,2,4,3,4,2,1,1,2,0,2,2,2,1,1,3,2,2,2,1,3,3,1,1,0,0,1,2,3,2,1,1,1,1,1,2,2,3,2,2,2,2,1,2,2,1,2,1,2,2,2,2,4,2,3,2,2,1,3,2,2,2,0,3,0,3,2,4,1
F1_041,2,0,3,1,1,1,3,2,3,2,4,3,1,1,2,0,2,2,2,1,1,2,2,1,2,1,3,2,1,0,1,1,1,3,4,2,0,1,2,1,1,2,1,3,2,1,2,3,2,1,3,0,1,2,2,1,1,3,3,1,2,2,2,2,2,1,1,2,0,2,1,3,1,3,3
F1_049,2,1,3,1,2,1,2,2,2,2,3,2,1,2,2,0,2,3,1,1,2,1,1,0,3,1,2,3,2,1,1,1,1,3,3,2,1,1,3,1,1,3,1,2,1,2,2,2,2,1,3,1,1,1,2,2,2,2,4,2,3,2,1,2,2,1,1,3,0,2,0,3,3,3,2
F1_057,2,2,0,1,2,2,3,3,2,3,2,1,0,4,4,1,1,2,1,1,1,2,2,1,4,1,3,3,2,2,0,0,1,2,2,2,2,1,2,0,2,2,2,2,2,2,1,3,2,2,1,1,2,2,1,3,2,3,3,1,2,2,3,1,3,2,1,2,1,3,1,4,2,4,2
F1_065,2,3,3,2,4,0,3,1,3,3,3,1,1,2,3,1,1,1,2,0,1,2,4,1,3,1,3,1,3,1,2,2,1,3,2,0,2,1,3,2,0,2,0,2,1,1,2,2,2,1,3,1,1,2,1,1,2,3,2,2,2,1,2,3,1,2,1,4,0,0,2,3,2,4,1
F1_073,3,2,3,1,3,3,4,2,3,2,3,2,0,2,3,1,0,1,2,1,1,3,4,2,3,2,3,3,3,2,1,1,2,1,1,1,3,2,2,1,1,1,1,3,3,2,2,3,2,1,1,1,0,3,1,3,1,3,2,1,1,1,4,2,2,3,1,3,1,2,2,3,2,4,2
F1_081,3,1,3,2,2,2,4,2,3,2,3,2,1,1,2,0,0,1,2,1,1,3,4,2,3,1,3,2,3,2,1,1,1,3,2,0,2,1,2,2,0,2,0,2,1,3,2,2,2,0,2,1,0,2,1,2,2,2,2,2,1,1,3,2,2,3,1,4,1,1,2,3,2,4,1
F1_089,3,2,2,1,2,3,4,2,3,3,2,1,0,4,4,1,1,2,1,1,1,2,2,2,3,0,3,2,3,2,1,1,0,2,1,0,3,0,2,1,1,1,1,1,1,2,1,2,2,2,1,2,2,2,0,3,3,3,1,1,2,2,2,2,1,0,0,3,1,3,0,3,3,3,3
F1_097,2,1,2,2,2,1,4,2,2,3,2,1,1,3,3,0,1,2,1,1,1,2,2,1,4,1,3,3,3,2,1,1,0,3,2,0,2,0,2,1,1,2,1,1,0,3,1,2,2,1,2,1,1,2,1,2,3,2,3,2,2,2,2,1,3,2,1,3,1,3,0,3,4,3,2
F1_105,2,2,2,2,3,1,3,2,2,2,2,1,1,2,2,0,0,2,1,1,2,2,3,0,3,1,1,3,3,2,1,1,1,4,2,1,2,1,4,1,1,4,1,3,2,3,3,1,1,1,2,2,1,1,2,3,2,2,2,2,2,1,2,3,1,3,2,3,0,1,2,3,2,4,1
F1_113,3,2,3,1,3,2,4,1,4,2,4,3,1,2,2,0,0,1,2,1,2,1,2,1,2,0,2,2,2,1,1,1,0,3,2,1,2,0,3,1,1,3,1,2,1,2,2,2,2,2,2,2,2,2,1,3,2,3,2,1,3,2,3,3,1,1,1,3,0,2,1,4,1,4,2
F1_121,3,2,2,1,3,2,3,2,3,2,3,1,1,2,3,0,0,1,1,1,1,2,3,2,3,0,3,2,3,2,1,1,0,3,2,0,2,0,2,1,1,2,1,1,0,2,1,3,2,1,2,0,1,2,1,1,2,3,2,1,1,2,2,1,3,2,1,3,1,2,1,3,3,3,2
F1_129,2,3,1,1,4,1,2,2,2,2,2,0,1,3,3,1,0,2,0,0,2,0,3,0,4,1,2,3,4,3,1,1,1,3,1,0,3,1,4,1,1,3,1,3,2,3,3,0,0,2,1,3,2,0,1,3,3,1,3,2,2,1,3,2,2,3,1,4,1,2,1,3,4,4,1
F1_137,3,1,3,2,3,1,2,2,3,1,4,3,1,0,1,0,1,2,2,1,2,2,3,1,2,1,2,2,2,1,1,1,1,4,3,1,1,1,3,2,0,3,0,3,2,2,3,2,2,0,3,1,0,2,2,2,1,2,3,2,2,1,3,2,2,3,2,3,0,1,2,3,2,4,1
F1_145,1,1,1,1,1,1,2,3,1,2,2,2,1,2,2,0,2,3,1,1,2,1,1,0,3,1,2,3,2,1,1,1,1,3,3,2,1,1,2,1,1,2,1,2,2,2,2,3,3,0,2,1,1,2,1,3,1,2,4,2,2,1,2,1,3,3,2,2,0,2,1,2,3,3,2
F1_153,2,2,3,0,2,2,3,1,3,1,4,3,0,1,2,1,1,2,2,1,2,2,3,1,2,1,2,2,2,1,1,1,1,3,2,2,2,2,3,1,1,2,1,4,4,1,3,2,1,2,1,2,2,1,1,3,1,3,3,1,2,1,2,2,2,2,1,2,0,2,1,2,2,3,3
F1_161,2,2,0,1,2,2,3,3,2,3,2,1,0,4,4,1,1,2,1,1,1,2,2,1,4,1,3,3,3,2,0,0,1,2,2,2,2,1,2,0,2,1,2,2,2,1,1,3,2,2,1,1,2,2,0,2,2,4,1,0,1,2,2,2,2,1,0,3,1,2,1,3,2,3,3
F1_169,2,1,2,2,2,1,4,2,3,3,3,2,1,2,2,0,2,2,2,1,1,3,3,2,4,2,3,3,3,2,1,1,2,2,2,1,2,2,2,1,1,1,1,2,1,3,1,2,2,1,1,2,1,1,1,3,3,1,3,3,2,1,3,2,2,3,1,4,1,2,1,3,4,4,1
F1_177,3,2,2,1,2,1,2,2,2,1,3,2,1,1,2,0,1,2,1,2,2,2,3,2,2,0,2,3,2,2,0,0,1,3,2,1,2,1,2,2,0,2,0,2,2,2,2,2,2,1,1,2,1,2,0,3,2,3,1,1,1,1,4,2,2,3,1,3,1,2,2,3,2,4,2
F1_185,3,2,1,1,2,3,3,3,2,2,2,1,0,3,4,1,0,1,1,1,1,2,3,2,3,0,3,2,3,2,1,1,0,2,1,0,3,0,2,1,1,1,1,1,1,2,1,3,2,2,1,1,2,2,0,2,2,4,1,0,1,2,2,2,2,1,0,3,1,2,1,3,2,3,3
F1_193,2,2,1,1,3,1,4,1,4,3,4,2,1,2,2,1,1,2,2,0,1,1,3,1,3,0,3,1,3,1,2,2,0,3,2,0,2,0,3,1,1,2,1,2,1,2,2,2,2,1,3,1,1,2,2,2,2,2,3,2,3,2,3,2,2,2,2,3,0,2,1,4,2,4,1
F1_201,2,1,4,1,2,1,3,1,3,1,4,3,1,0,1,0,1,2,2,1,2,2,3,1,2,1,2,2,2,1,1,1,1,4,3,1,1,1,3,2,0,3,0,3,2,2,3,1,1,1,2,2,1,1,1,2,2,2,3,2,2,1,1,2,2,2,1,3,0,1,1,2,3,3,2
F1_209,2,2,2,1,3,1,4,1,4,3,4,2,1,2,2,1,1,2,2,0,1,2,3,0,4,2,3,2,3,1,2,2,2,2,1,1,3,2,2,1,1,1,1,3,3,2,2,2,1,2,0,2,2,1,0,3,2,3,2,1,1,1,3,1,3,3,1,2,1,3,1,2,3,3,3
F1_217,2,2,2,1,3,1,4,1,4,2,4,2,1,1,2,1,0,1,2,0,1,2,3,1,2,1,2,2,2,1,1,1,1,4,3,1,1,1,3,2,0,3,0,3,2,2,3,1,1,1,2,2,1,1,1,2,2,2,2,2,2,1,2,3,1,2,1,4,0,0,2,3,2,4,0
F1_225,2,1,2,1,1,2,3,2,2,1,4,2,1,1,2,1,0,1,2,0,1,2,4,1,3,1,3,1,3,1,1,1,1,2,1,0,3,1,2,2,0,2,0,2,2,2,3,1,1,0,3,1,0,2,2,2,1,2,3,2,2,1,3,2,2,3,2,3,0,1,2,3,2,4,1
F1_233,1,1,3,1,2,0,3,1,3,2,4,3,1,1,1,0,2,3,2,1,2,2,2,0,3,2,2,3,2,1,1,1,2,3,3,2,1,2,3,1,1,3,1,4,3,2,3,2,1,1,2,1,1,1,2,2,1,2,4,2,2,1,3,1,3,3,2,2,0,2,1,2,3,3,2
F1_241,2,4,1,0,4,2,3,1,3,2,3,1,0,3,3,2,0,2,1,0,2,1,3,0,4,1,2,2,4,2,2,2,2,3,1,0,3,2,4,2,0,3,0,4,3,3,4,0,0,1,1,3,1,0,1,3,2,1,3,3,2,0,2,3,1,3,1,4,0,0,2,2,3,4,1
F1_249,2,2,3,0,2,2,3,1,3,1,4,3,0,1,2,1,1,2,2,1,2,2,3,1,2,1,2,2,2,1,1,1,1,3,2,1,2,0,3,1,1,2,1,2,2,1,2,2,1,2,1,3,2,1,0,4,3,3,2,1,2,2,2,2,2,2,0,3,1,3,0,3,2,4,2
F1_257,3,1,3,1,3,2,4,1,4,2,4,2,1,1,2,1,2,2,2,1,1,2,2,1,2,1,3,2,1,0,1,1,1,2,3,2,1,1,2,1,1,1,1,3,3,0,3,2,2,1,2,2,1,2,1,3,1,2,3,2,3,1,3,3,1,2,1,3,0,2,1,3,2,3,3
F1_265,2,2,2,1,3,1,4,1,3,3,3,1,1,2,3,1,1,1,2,0,0,2,3,1,3,1,4,1,3,1,1,1,1,1,2,1,2,1,3,0,2,2,2,2,2,2,1,2,1,3,0,2,3,1,0,3,3,3,2,1,2,2,2,2,2,1,0,3,1,3,0,3,3,3,3
F1_273,1,1,3,1,1,2,3,2,2,1,3,3,0,2,2,0,2,3,2,2,2,3,2,1,3,2,2,4,2,2,0,0,2,2,2,2,2,2,2,1,1,2,1,3,3,2,2,2,1,1,2,1,1,1,2,2,1,2,4,2,2,1,2,1,3,3,2,2,0,2,1,2,3,3,2
F1_281,2,3,2,1,3,1,3,2,2,2,2,1,1,2,2,0,0,2,1,1,2,2,3,1,4,1,2,3,4,3,1,1,1,3,1,0,3,1,3,1,1,3,1,2,1,4,2,1,1,2,1,2,2,1,1,3,4,1,3,3,2,2,2,1,2,2,1,4,1,3,0,4,4,4,1
F1_289,2,2,3,2,4,0,3,1,3,2,3,1,2,2,2,0,0,2,1,1,2,2,3,1,4,1,2,3,4,3,1,1,1,3,1,0,3,1,3,1,1,3,1,2,1,4,2,1,1,1,1,2,1,1,1,3,3,1,3,3,2,1,3,2,2,3,1,4,1,2,1,3,4,4,1
F1_297,2,1,2,2,2,2,4,2,3,2,3,2,1,1,2,0,0,1,2,1,1,3,3,1,4,2,3,3,3,2,1,1,2,2,2,1,2,2,2,1,0,2,0,2,1,3,2,2,2,0,2,1,0,2,1,2,2,2,2,2,1,1,3,2,2,3,1,4,1,1,2,3,3,4,1
F1_305,2,3,2,1,4,1,3,1,3,3,3,1,1,2,2,1,1,3,1,1,3,1,2,0,3,1,1,3,3,2,1,1,1,3,1,1,3,1,4,0,2,2,2,3,2,2,2,1,0,3,1,2,3,1,1,2,3,2,3,2,2,2,2,1,3,2,1,3,1,3,0,3,4,3,2
F1_313,1,2,3,1,3,0,2,1,2,1,3,2,1,1,1,0,1,3,1,1,3,1,2,0,3,1,1,3,3,1,1,2,0,3,2,0,2,0,3,1,1,2,1,2,1,2,2,1,1,2,2,2,2,1,1,2,3,2,2,2,3,2,2,3,1,1,1,4,0,1,1,4,2,4,1
F1_321,1,2,2,0,2,1,3,1,3,2,4,3,0,2,2,1,2,3,2,1,2,2,2,0,3,2,2,3,2,1,1,1,1,2,2,2,2,1,3,2,0,2,0,3,3,1,3,2,2,2,2,2,2,2,1,3,2,3,2,1,3,2,3,3,1,1,1,3,0,2,1,4,1,4,1
F1_329,3,0,2,2,1,2,4,3,3,3,3,2,1,2,3,0,1,1,2,1,0,3,3,2,3,1,4,2,2,1,1,1,1,2,3,1,1,1,1,1,1,1,1,2,1,2,1,3,2,1,2,0,1,2,1,1,2,3,2,1,1,2,2,1,3,2,1,3,1,2,1,3,3,3,2
F1_337,2,1,3,1,2,1,2,2,2,1,3,2,1,1,2,0,1,2,1,2,2,2,2,2,2,0,2,3,2,2,1,1,0,3,2,1,2,0,2,2,0,2,0,2,2,2,2,3,3,1,1,2,1,1,0,3,2,3,2,1,1,1,2,2,2,3,1,2,1,3,1,2,3,3,3
F1_345,2,2,1,1,3,1,3,2,3,3,3,1,1,3,3,1,1,2,1,0,1,1,2,0,4,1,3,2,3,2,1,1,1,0,2,2,2,2,1,0,2,0,2,3,3,1,1,3,1,3,0,1,3,1,0,2,2,4,2,0,1,2,2,2,2,1,0,3,1,2,1,3,2,3,3
F1_353,1,1,2,1,1,1,3,2,2,2,3,3,0,2,2,0,2,3,2,2,2,3,2,1,3,2,2,4,2,2,1,1,2,1,1,1,3,2,2,0,2,1,2,2,2,2,1,2,1,3,0,2,3,2,1,3,1,3,3,1,2,2,3,1,3,2,1,2,0,3,0,3,3,3,2
F1_361,2,1,3,1,1,2,3,2,2,1,3,3,0,1,2,0,1,2,2,2,2,2,2,2,2,0,2,3,2,2,0,0,0,3,2,0,2,0,2,1,1,2,1,1,0,3,1,2,2,1,2,1,1,3,1,3,2,3,2,1,2,2,4,2,2,2,1,3,1,3,1,4,2,4,2
F1_369,3,2,3,1,3,2,4,1,4,2,4,2,1,1,2,1,0,1,2,0,1,2,4,1,3,1,3,1,3,1,2,2,1,3,2,0,3,1,2,2,0,2,0,3,3,3,3,1,1,1,0,3,2,1,0,4,3,2,2,2,2,1,3,3,1,2,0,4,1,2,1,3,3,4,2
F1_377,3,2,2,1,2,3,4,2,3,2,3,2,0,3,3,1,1,2,2,1,1,3,3,1,4,2,3,3,3,2,1,1,1,2,1,0,3,1,2,2,0,1,0,2,2,2,2,2,2,1,1,2,1,2,0,3,2,3,2,1,1,1,2,2,2,2,0,3,1,2,1,2,3,3,3
F1_385,2,1,2,0,1,2,3,2,3,2,4,3,0,2,3,1,2,2,2,1,1,2,3,2,3,1,4,2,2,1,1,1,1,2,3,1,1,0,1,2,0,1,0,1,0,2,1,3,3,0,3,0,0,3,1,1,2,3,1,1,1,2,3,2,2,2,1,4,1,1,2,4,2,4,1
F1_393,2,3,1,1,3,2,3,2,2,2,2,1,0,3,3,1,0,2,1,1,2,2,3,2,3,1,3,2,3,2,1,1,1,2,0,0,4,1,3,1,1,2,1,2,2,2,2,2,2,1,1,2,1,2,0,3,2,3,1,1,1,1,3,3,1,2,0,4,1,1,2,3,2,4,2